time,open,high,low,close,vwap,volume,count,ema_10,sma_10,rsi_14,MACD_12_26_9,MACDh_12_26_9,MACDs_12_26_9,BBL_20_2.0,BBM_20_2.0,BBU_20_2.0,BBB_20_2.0,BBP_20_2.0,atr_14,log_return,log_return_1,log_return_5,volatility_5
2025-07-01 20:40:00,105761.5,105767.9,105761.4,105767.9,106426.82793622036,1.24462278,94.0,105645.22001849647,105571.31999999999,53.74826776131574,-53.41149669607694,49.32339266819196,-102.7348893642689,105343.21464126598,105596.60500000001,105849.99535873404,0.47992141174241704,0.8380061515674742,86.0208600218655,6.145720712962201e-05,0.0005428784227559492,0.0030425943742476364,0.0002961839413561163
2025-07-01 20:45:00,105767.9,105862.6,105767.8,105846.3,106426.62398741893,0.4989766,95.0,105681.78001513347,105614.23000000001,57.38583295587873,-32.97690528527892,55.80638726319199,-88.78329254847091,105337.95330310859,105611.955,105885.95669689142,0.5188838647886279,0.9276342129604984,86.64794144887533,0.0007409711029511712,6.145720712962201e-05,0.0019722957605637055,0.0001918928416101989
2025-07-01 20:50:00,105846.2,105904.1,105842.3,105904.0,106426.28648369307,0.91462934,88.0,105722.18364874556,105671.86000000002,59.88629351840293,-11.988243578423862,61.43603917603764,-73.4242827544615,105325.18423041777,105627.15,105929.11576958222,0.571757866386103,0.958412886306672,84.87308848824159,0.0005449815318145344,0.0007409711029511712,0.0022880047739563315,0.00024823311903130645
2025-07-01 20:55:00,105904.1,105955.9,105904.0,105955.9,106424.53356696371,5.30978065,105.0,105764.67753079181,105719.47,62.04367238376692,8.732653697079513,65.7255491612328,-56.9928954641533,105308.68033101373,105642.995,105977.30966898626,0.6329140308569677,0.9679797643172766,82.5178678819382,0.0004899464319410329,0.0005449815318145344,0.0023899211206055643,0.0002509110469048134
2025-07-02 06:00:00,106664.0,106701.9,106664.0,106701.9,105887.49480998659,9.40935263,80.0,106569.96028978133,106582.1,78.04894069624565,146.22016970664845,10.297174978027329,135.92299472862112,106115.85578407848,106435.275,106754.69421592151,0.6002130701903412,0.9173590484072689,46.81138924503135,0.00035525827134140524,0.0005795573956849748,0.001683333058368131,0.0002322163895381843
2025-07-02 06:05:00,106701.8,106794.7,106701.8,106794.7,105889.42694470104,0.73771439,88.0,106610.82205527562,106606.68999999999,81.1942522219372,155.21196838250034,15.431178923103374,139.78078945939697,106121.42813434065,106463.205,106804.98186565936,0.6420563154365949,0.984958218808164,50.10343287038584,0.0008693347420465773,0.00035525827134140524,0.0015194022106909237,0.00021056728487485143
2025-07-02 08:25:00,107599.9,107636.3,107599.9,107636.3,106262.79948647699,0.88722988,81.0,107392.00349900589,107361.97,89.51931493274492,219.82972026179777,36.06566190353905,183.76405835825872,106700.70967825741,107170.03,107639.35032174259,0.8758424752565447,0.9967502773678532,53.23053777639741,0.00033730370150549313,0.0009307303929574277,0.003958568297495818,0.0007464941712306282
2025-07-02 08:30:00,107636.3,107700.0,107636.3,107651.5,106267.89561942588,1.69487566,90.0,107439.18468100482,107414.87,89.7566055117929,227.5302818716591,35.012978810720284,192.51730306093881,106701.5940717881,107204.60500000001,107707.61592821192,0.9384129127884167,0.944219971113353,53.978356506654535,0.00014120632962261192,0.00033730370150549313,0.002318819511239798,0.0003509698158164893
2025-07-02 08:35:00,107651.6,107703.3,107651.5,107700.0,106306.54446527582,13.05353128,73.0,107486.60564809485,107468.04,90.49600612558493,234.83949359595135,33.85775242801003,200.98174116794132,106705.49876882347,107240.76000000001,107776.02123117655,0.9982421444542925,0.928986794906246,53.822759613322276,0.00045042640353092143,0.00014120632962261192,0.0020820254583612135,0.0003801950052604293
2025-07-02 08:40:00,107705.2,107710.6,107705.2,107710.5,106308.00829842416,0.50015112,58.0,107527.3137120776,107521.59,90.65330521670145,238.72745727057918,30.196572882110274,208.5308843884689,106717.31668654003,107276.745,107836.17331345996,1.0429628778538502,0.8876770173798537,50.73541964094253,9.74882840744583e-05,0.00045042640353092143,0.0025268667206020876,0.00030454910786688273
2025-07-02 15:10:00,108292.7,108500.0,108292.7,108402.3,106956.72318908849,11.17593356,1.0,108130.12192018205,108082.16,70.94288144802285,176.46216819276742,43.02195472459482,133.4402134681726,107568.12900996959,107956.035,108343.94099003042,0.7186369711159043,1.0752231358492441,119.11152142107841,0.0010115601130227282,0.00024658441462094294,0.00405279544901174,0.0006788217289986893
2025-07-02 15:15:00,108415.5,108500.0,108415.5,108479.5,106961.20786682308,2.53574371,1.0,108193.64520742166,108137.61000000002,72.72660614606491,194.21950687782373,48.623434727720905,145.59607215010283,107567.35559751978,107995.98000000001,108424.60440248024,0.7937784396793826,1.0640369484356325,117.5821270338583,0.0007119085442900289,0.0010115601130227282,0.0032182043267598775,0.0004098285038728373
2025-07-02 15:20:00,108479.5,108500.0,108479.4,108500.0,106978.18438712817,9.55665373,1.0,108249.34607879954,108204.78,73.19712593159876,207.5539516381541,49.56630359044101,157.9876480477131,107560.36129392937,108031.14499999999,108501.92870607061,0.8715703347782207,0.9979516006546724,110.65483224572598,0.00018895794359365928,0.0007119085442900289,0.0037265316923521252,0.00032831624099106146
2025-07-02 16:00:00,108785.9,108900.0,108779.2,108899.9,107127.72759624413,25.19273669,1.0,108549.00788471985,108527.1,76.78163539085374,242.42041563366365,38.20983252604216,204.2105831076215,107729.53794441061,108304.63,108879.7220555894,1.0619897885979523,1.017543230005075,111.27449252770552,0.001047381229474538,0.0021708341110721137,0.004606778810207635,0.0008944545506105909
2025-07-02 16:05:00,108900.0,109630.0,108900.0,109609.7,107277.8421493699,67.52252768,1.0,108741.86099658896,108640.12,85.33455618112767,312.68171556245943,86.77690596387035,225.90480959858908,107605.17725280591,108388.86500000002,109172.55274719413,1.4460668947757898,1.2789039731519425,155.47631449001267,0.006496762582485638,0.001047381229474538,0.004096537387272942,0.0008305379842547559
2025-07-02 19:00:00,109580.0,109617.6,109579.9,109614.5,107744.65755950041,17.07894825,1.0,109447.62484083485,109423.56999999999,63.280701364810305,110.45534877585305,16.100498796426393,94.35484997942666,108960.8535661388,109311.09,109661.32643386119,0.6408067724165867,0.9331502531804704,105.82780734204796,0.00031570149864568577,0.0006910588492054675,0.001889904738258731,0.0003195985665152829
2025-07-07 18:55:00,107925.0,108000.0,107925.0,108000.0,108337.50822819304,0.81317999,1.0,107864.02909445988,107816.73999999999,51.9913637907405,-79.39814158626541,17.672517751817963,-97.07065933808337,107581.05968077455,107931.13,108281.20031922546,0.6486920302334621,0.5983659513785292,111.37604289636302,0.0007067311571244277,0.000924227763234062,0.003396118475871352,0.00045716971841237673
2025-07-07 19:00:00,108000.0,108152.0,107999.9,108151.9,108336.7202614321,1.92705569,1.0,107916.36925910352,107825.37,57.81967890387039,-51.11686884025403,36.763032398263476,-87.8799012385175,107576.42163346992,107937.775,108299.12836653007,0.6695586721702914,0.7962820051410489,114.28489697519464,0.0014054933128545598,0.0007067311571244277,0.004016388233076049,0.0003195540694389455
2025-07-07 23:20:00,108172.7,108195.4,108172.6,108181.7,108298.00541514374,0.32279787,1.0,108107.79173788079,108089.73999999999,60.57915303703106,26.409543770583696,12.348286538988567,14.061257231595128,107973.87341819234,108087.98500000002,108202.0965818077,0.21114572874622392,0.9106287833163443,48.28486376214897,8.319682895456178e-05,0.00019230360360413906,0.0014478081653340933,0.0002827928217711114
2025-07-07 23:25:00,108181.8,108181.8,108181.7,108181.8,108297.99149341263,0.0805425,1.0,108121.24778553883,108101.97,60.58684485887051,30.91836121439701,13.485683186241502,17.432678028155507,107971.35116877763,108089.475,108207.59883122238,0.2185667591083632,0.8907975175059808,44.84308777913874,9.24370330485179e-07,8.319682895456178e-05,0.0014958257048881005,0.00027262705247611395
2025-07-07 23:30:00,108181.7,108250.0,108181.7,108250.0,108297.95420145174,0.35460955,1.0,108144.65727907722,108118.43000000001,65.52710760394787,39.53902033745544,17.685073847439945,21.853946490015495,107959.39273901308,108094.33,108229.26726098692,0.24966575210173736,1.0768236247773382,46.51858150920047,0.0006302216426356628,9.24370330485179e-07,0.0014458348744743096,0.00028465845622100403
2025-07-07 23:35:00,108250.0,108271.6,108249.9,108271.4,108297.93863600507,0.31134002,1.0,108167.70141015408,108136.90999999999,66.92793380135674,47.54963337874506,20.55654951098365,26.993083867761406,107946.46377824184,108100.25,108254.03622175816,0.2845251916774603,1.0564542715313712,44.745825687115556,0.00019767099297970662,0.0006302216426356628,0.001406068883116993,0.000271615257289902
2025-07-08 03:35:00,107906.0,107906.0,107900.2,107906.0,107924.2417070214,0.99013794,1.0,107839.69853951893,107815.58,52.68988879525535,-32.9388086367544,33.77085011022987,-66.70965874698427,107614.7672025128,107783.76000000001,107952.75279748722,0.31357747676869246,0.8616722186318061,61.386848918752506,9.267329559475235e-07,0.00011955575320692764,0.001507076821088182,0.00020390314458213613
2025-07-08 03:40:00,107906.0,107939.0,107905.9,107938.9,107924.30944575924,0.84882735,1.0,107857.7351686973,107837.43999999999,55.02902826582544,-22.232029513310408,35.582103386939096,-57.814132900249504,107614.08179621074,107794.10500000001,107974.12820378928,0.3340130775969076,0.9021564913639569,59.36635971027059,0.0003048485301695235,9.267329559475235e-07,0.0011878495804490006,0.0002428307256530945
2025-07-08 04:45:00,107990.7,107999.9,107989.2,107999.8,107904.6007565002,0.63832287,1.0,107921.61929383472,107885.33,60.34932365231928,19.022139431996038,22.128078657446252,-3.1059392254502143,107741.09068323123,107885.11000000002,108029.1293167688,0.26698645766553514,0.8981757536876729,45.905457630692,8.333696008249284e-05,5.463577616813957e-05,0.001973410129385994,0.0005609952531658893
2025-07-08 06:05:00,108165.5,108204.4,108165.5,108204.4,107937.5187190481,3.99218181,1.0,108119.56280676038,108117.61000000002,72.10916410315015,67.84696630256076,12.309218016238468,55.53774828632229,107919.5754280183,108058.585,108197.59457198171,0.2572855677902938,1.0244782712487592,31.507626790063984,0.00043353289774733815,4.622994776839523e-05,0.0010629043262930225,0.00031639751975639797
2025-07-08 06:10:00,108204.3,108217.3,108204.3,108217.3,107937.8183542989,0.08354418,1.0,108137.33320553122,108130.19000000002,73.01951081806817,71.67210541314853,12.907485701460985,58.764619711687544,107921.88855569386,108070.91500000001,108219.94144430615,0.2757938050328268,0.9911376658067312,30.185653447916557,0.00011921170580666293,0.00043353289774733815,0.0014029599479743373,0.00032091125430831156
2025-07-09 01:00:00,108951.0,108961.8,108950.9,108961.8,108884.40578436734,0.10844543,1.0,108910.02580813566,108882.93999999999,57.79515386339311,4.5898896425787825,5.962922336101164,-1.3730326935223813,108802.61887234365,108907.75,109012.88112765635,0.19306454803510337,0.7570599269926988,35.396286948916455,0.00010004006199824285,0.00035710532094614274,0.0013694436239049571,0.0003004246691926025
2025-07-09 01:05:00,108961.8,109118.7,108961.8,109118.6,108936.36543954052,3.20402592,1.0,108947.94838847462,108908.3,70.1896099419284,21.050529027575976,17.938849376878686,3.1116796506972904,108782.81078742625,108920.425,109058.03921257376,0.25268761588793526,1.2200382732771606,44.07512359542201,0.0014380020122844903,0.00010004006199824285,0.001233302251514991,0.0003106905818436077
2025-07-09 02:05:00,108810.7,108846.9,108810.7,108846.8,108911.59956361266,0.13267572,1.0,108828.80437715982,108804.01000000001,47.69306247389161,-29.86788758507464,-8.902715917521142,-20.9651716675535,108669.09580443504,108876.46,109083.82419556497,0.38091649115881515,0.42848331429831804,38.07902599219306,0.0003317138194735218,0.00020128722790195878,0.0003309045581962528,7.809664226530202e-05
2025-07-09 02:10:00,108846.9,108854.0,108836.8,108854.0,108907.91935949738,1.06644863,1.0,108833.3853994944,108800.36000000002,48.55183135444975,-26.19721272814786,-4.185632848475489,-22.01157987967237,108674.2317018175,108879.06999999999,109083.90829818249,0.3762675382559715,0.43880538887884957,36.58766699275049,6.614582952943523e-05,0.0003317138194735218,0.0006506671405557155,0.00013371012289729157
2025-07-09 10:25:00,108789.9,108790.4,108789.9,108790.3,108713.50899577554,0.01943719,1.0,108737.40147367243,108735.33,65.04095757376736,14.26478696965205,18.783464331379342,-4.518677361727291,108543.24752756643,108680.26000000001,108817.27247243359,0.2521386541283145,0.9015692806847964,20.050305934738308,3.6768051505908643e-06,0.0002803962154769041,0.0006335314901869468,0.00017033528295239922
2025-07-09 10:30:00,108790.4,108790.4,108790.3,108790.4,108713.64764126734,0.26534842,1.0,108747.03756936835,108746.06999999999,65.05507617338316,18.004124750354094,18.018241689665107,-0.014116939311013876,108539.78973023647,108684.875,108829.96026976353,0.2669833677658042,0.8636654505725773,18.625284082256375,9.191991753071786e-07,3.6768051505908643e-06,0.0006362885102545584,0.000169830005829887
2025-07-09 10:35:00,108790.4,108801.4,108790.3,108801.4,108714.75638994979,1.96629265,1.0,108756.921647665,108757.53,66.6505796418409,21.606123014440527,17.296191963001235,4.309931051439294,108536.87381285065,108690.60500000001,108844.33618714937,0.28287851953599563,0.8603530358883529,18.08776379066601,0.0001011067513515143,9.191991753071786e-07,0.0006316890166979278,0.00017066467368161332
2025-07-09 10:40:00,108801.5,108841.8,108801.5,108841.8,108715.39109901218,0.83744272,1.0,108772.35407536227,108769.6,71.75183694213209,27.404769825167023,18.475871018982183,8.92889880618484,108531.25314044234,108698.44499999999,108865.63685955765,0.307625117466321,0.928714054557703,19.681494948476207,0.0003712498296663513,0.0001011067513515143,0.0003897768209361114,0.00012092074800987617
2025-07-09 12:30:00,109499.9,109500.0,109499.9,109500.0,108938.09450878858,2.1681498,1.0,109331.79926688022,109291.02999999998,85.1204333129065,166.99812976022076,36.72759445077165,130.27053530944912,108761.73115573835,109155.38500000001,109549.03884426167,0.7212724214415227,0.9377132409901324,46.442258062466045,9.132424261197808e-07,0.00021920230542467065,0.004287721875663734,0.0007934745502766654
2025-07-09 12:35:00,109499.9,109523.8,109499.9,109523.7,108949.42563521395,5.24636251,1.0,109366.69030926563,109331.53,85.74836862847962,172.65125259384513,33.9045738275168,138.74667876632833,108792.26777662066,109189.48000000001,109586.69222337936,0.727565006041514,0.9207070934984761,44.83209677229052,0.00021641493676241764,9.132424261197808e-07,0.0022866306130827187,0.0005342195494741714
2025-07-09 19:20:00,109983.4,110181.5,109983.4,110181.4,109225.19710443211,39.88950274,1.0,109705.24553206819,109636.11000000002,81.2097774289597,161.61795594461728,58.73612317739878,102.8818327672185,108990.53154366427,109494.04,109997.54845633572,0.9197002071267499,1.1825704626713271,92.10898103643068,0.0017977439028575468,0.0034701700685469006,0.004439595809967061,0.0014564478776604682
2025-07-09 19:25:00,110181.5,110302.5,110181.5,110302.5,109289.43374490351,43.76965683,1.0,109813.83725351033,109712.0,83.07914748066862,200.384909426808,78.0024613276716,122.38244809913641,108970.687668838,109553.80500000001,110136.92233116202,1.0645314074887817,1.1419762884667048,94.17976810525748,0.0010984930162926346,0.0017977439028575468,0.005805454921649739,0.0014774692188412957
2025-07-09 19:30:00,110302.5,110400.0,110292.0,110377.0,109310.33480060806,14.11865995,1.0,109916.2304801448,109808.19000000002,84.12545976747498,234.41730991084478,89.62788944936668,144.7894204614781,108962.37705395772,109615.505,110268.63294604229,1.1916707331545497,1.0829600498756633,95.16692752631052,0.0006751873448167169,0.0010984930162926346,0.0069021221825588544,0.0013370815222736269
2025-07-09 19:35:00,110377.0,110943.3,110377.0,110926.7,109430.8249871906,65.87602795,1.0,110099.95221102756,109951.23000000001,89.35560876502262,302.26016145916947,125.97659279815309,176.28356866101637,108871.65066863484,109704.68999999999,110537.72933136513,1.5186941075447986,1.2334647681025093,128.81928984585997,0.004967844012776164,0.0006751873448167169,0.007475072545614308,0.0012195377967838962
2025-07-09 19:40:00,110926.8,111392.5,110926.7,111392.4,109589.29919681716,75.64199868,1.0,110334.94271811345,110140.84,91.81573665709196,389.11869003453467,170.26809709881462,218.85059293572004,108744.82949601763,109817.16500000001,110889.50050398239,1.952946980524183,1.234487944374669,152.88934057115588,0.004189479726695386,0.004967844012776164,0.012009438345289964,0.0017868044495520778
2025-07-09 19:45:00,111392.4,111589.6,111252.1,111589.6,109644.46833937505,25.95573714,1.0,110563.06222391101,110345.43999999999,92.59607707414048,468.46689686671016,199.69304314479206,268.7738537219181,108618.20943884048,109924.14499999999,111230.0805611595,2.3760668070868496,1.1376482307141167,166.07581624464476,0.0017687530958685515,0.004189479726695386,0.012728748003438449,0.0019184275700665496
2025-07-09 19:50:00,111589.6,111879.1,111589.5,111879.0,109739.97650526585,41.52978248,1.0,110802.32363774537,110578.96,93.56565971423552,548.3816811726283,223.68626196056817,324.69541921206013,108503.7079371335,110044.09,111584.4720628665,2.7995725401818454,1.0956022353913348,174.89897222717056,0.0025900745051992704,0.0017687530958685515,0.012699757196449453,0.0019212951567564136
2025-07-09 22:55:00,111402.5,111403.0,111402.5,111403.0,110295.4829056998,0.44219355,1.0,111287.27348292507,111290.54000000001,62.77289535024737,132.33425596772577,6.327789950970725,126.00646601675504,110893.87138864522,111185.09,111476.30861135478,0.5238447193859889,0.8741347419147824,105.84251625887916,4.488219545666012e-06,2.2441399895519782e-05,0.0023114145770975402,0.0004011268540173792
2025-07-10 16:10:00,111512.9,111548.2,111491.0,111541.7,111150.19450906286,2.49791967,1.0,111392.66821652264,111381.05999999998,62.76133143739372,113.27985257019463,19.616919785680622,93.66293278451401,111042.33661149314,111293.93500000001,111545.53338850688,0.4521331526410146,0.9923819295313545,112.13441085534443,0.00025823273906962685,0.000697920619677918,0.002763135962205518,0.00024581176095884
2025-07-10 16:15:00,111541.7,111748.5,111541.6,111748.5,111170.22491464972,21.63146125,1.0,111457.36490442761,111417.83,68.49838864767715,134.99823311710497,33.06824026607276,101.92999285103221,111008.5610992993,111322.545,111636.5289007007,0.5640975971231987,1.1783070709189674,118.9033815085337,0.0018522985704498426,0.00025823273906962685,0.002169253732850257,0.00020501806813432656
2025-07-10 16:20:00,111748.5,112300.0,111748.5,112299.9,111318.97115137705,106.66677454,1.0,111610.55310362259,111513.65,78.15998484063238,194.46194171519892,74.02555909133336,120.43638262386555,110865.38517899405,111381.88499999998,111898.38482100591,0.9274395401118012,1.3886885945208087,149.8031399722099,0.00492216068725135,0.0018522985704498426,0.0034888999379863355,0.00067492015840821
2025-07-10 16:25:00,112299.9,112559.5,112299.9,112470.0,111389.87106893629,45.66058507,1.0,111766.8161756912,111628.56000000001,80.1795246316558,252.40345766281825,105.57366003116215,146.8297976316561,110758.34312717862,111447.86499999999,112137.38687282136,1.2373891107225174,1.2411911356906393,157.64577283133815,0.0015135481438794402,0.00492216068725135,0.007928953998515276,0.0019797809326941966
2025-07-10 16:30:00,112470.0,112750.0,112469.9,112729.3,111439.15113782714,29.47146582,1.0,111941.81323465644,111780.97,82.79179402103809,315.60773987065477,135.02235379119892,180.58538607945584,110640.93642376014,111521.36000000002,112401.78357623989,1.5789326389848093,1.18599934883552,166.39250334338584,0.002302850094041598,0.0015135481438794402,0.009244160760328178,0.001831145783068273
2025-07-10 16:35:00,112729.3,112750.0,112548.4,112745.9,111502.75100960254,40.65490664,1.0,112088.01082835527,111925.56000000001,82.9467475144823,362.85431151642115,145.81514034957223,217.03917116684892,110577.585648018,111596.25,112614.914351982,1.8256246997224483,1.0642928398167317,168.90732453314442,0.00014724457527900644,0.002302850094041598,0.010849090234691858,0.0017160095227089843
2025-07-10 19:10:00,113700.0,113710.3,113699.9,113706.4,112220.08609764116,2.51868998,1.0,113495.79588155335,113379.84000000001,65.8434016956492,202.41839206407894,-27.13175382702491,229.55014589110385,113063.14795065807,113498.41,113933.67204934194,0.7669923293937564,0.7389250341425879,151.62604336887767,5.6286894315113456e-05,0.0009071835741780646,0.005268913546263682,0.0004234950622238392
2025-07-11 00:05:00,115991.9,116048.2,115991.8,116048.1,116019.6691247362,6.11593565,1.0,115929.86820682517,115861.23999999999,60.951373515054804,131.91110141958052,-39.70446383711334,171.61556525669386,115659.42649080016,115919.35500000001,116179.28350919986,0.44846438146562545,0.7476546347230607,139.20108147296358,0.00048439925098189835,1.4656303223674503e-05,0.002748793738575486,0.0004919465235647342
2025-07-11 02:35:00,116321.6,116481.0,116321.6,116481.0,115749.37293013757,3.31912761,1.0,116157.81348554589,116097.09,72.87326787641584,157.75026093336055,55.737875535665665,102.01238539769489,115468.57192504972,115950.42999999998,116432.28807495024,0.8311449555646462,1.0505459258463108,113.41747504931762,0.0013694007275664294,0.0003748931684374544,0.004717890211176861,0.000650713431026465
2025-07-11 02:40:00,116480.9,116533.4,116480.9,116533.4,115775.08042088272,5.70430527,1.0,116226.10194271937,116152.93000000001,74.05346823100079,179.03592480938823,61.61883152935468,117.41709328003355,115484.4647334502,115998.05500000001,116511.64526654982,0.8855153072175465,1.021179074903732,109.06622683150921,0.00044975761912817403,0.0013694007275664294,0.004851163760658485,0.0006681877490516703
2025-07-11 02:45:00,116533.4,116561.2,116516.7,116561.1,115821.5808614931,10.91284358,1.0,116287.01068040675,116211.78,74.68058032291833,195.88211816172407,62.77201990535241,133.11009825637166,115515.93899704605,116047.20499999999,116578.47100295393,0.9156032718822315,0.983651313224133,104.45435348640142,0.00023767184665799174,0.00044975761912817403,0.0033824282817453344,0.00042607492620949064
2025-07-11 02:50:00,116561.1,116799.1,116561.1,116790.1,115895.57019613059,16.30796336,1.0,116378.48146578734,116303.01000000001,79.16409525269913,225.11623411398614,73.60490868609156,151.51132542789458,115531.35377989328,116108.10500000001,116684.85622010674,0.9934727986590243,1.0912384544880462,113.99332823737274,0.0019627074856542926,0.00023767184665799174,0.00281363979554808,0.00045747115909483516
2025-07-11 07:35:00,117874.9,118098.2,117874.9,118053.3,117032.7015123178,7.68725964,1.0,117820.42813768203,117713.17,61.3090126236705,90.28699024257367,-26.65409228467564,116.9410825272493,117407.24894161933,117904.93999999999,118402.63105838065,0.8442242680937038,0.6490482875890263,146.87080050614856,0.0015114764438583087,1.1028692841181806e-05,0.003276624204781713,0.0004979288443884867
2025-07-11 08:25:00,117928.6,117998.6,117928.6,117993.1,117113.89663131608,3.15683894,1.0,117861.1585211631,117841.50999999998,58.11618132764361,61.313948706316296,-0.27447779605251554,61.58842650236881,117447.53705035844,117777.34000000001,118107.14294964158,0.5600448263504155,0.8271044122475001,122.08005929259001,0.0005467915974412854,4.8335499253803416e-05,0.002925534340249717,0.0003932135857558256
2025-07-11 08:30:00,117993.2,118009.0,117973.4,118009.0,117123.65659710934,8.45474937,1.0,117888.03879004254,117842.40999999999,58.62923127221687,69.19547628704458,6.085639827740621,63.10983645930396,117445.919171469,117790.38,118134.84082853101,0.5848709012247173,0.8173365182513261,115.90291220026256,0.00013474456391741367,0.0005467915974412854,0.0024871339134580313,0.0003245876757570313
2025-07-12 03:25:00,117839.9,117849.4,117839.8,117849.0,117571.2736971507,0.96332714,1.0,117771.84423042335,117745.26000000001,65.79683154744706,49.37799595792603,7.75594286564597,41.62205309228006,117611.95142310912,117739.535,117867.11857689089,0.21672172714269228,0.9289933025377306,38.014528184233974,7.806904702015841e-05,0.00015021520265504128,0.001772618651796868,0.0003083448917461437
2025-07-12 06:25:00,117799.1,117950.0,117799.0,117950.0,117742.87993136975,11.63019673,1.0,117774.18176954583,117751.83,78.34530487685578,24.71633885645133,26.707999523929665,-1.991660667478337,117540.05909406701,117698.29000000001,117856.52090593301,0.26887545423642095,1.295388228727496,30.929800772056744,0.0012801747332948068,0.000287819506045915,0.0008416168541580921,0.00011314069743749958
2025-07-12 16:10:00,117215.0,117300.0,117215.0,117291.2,117659.4276998607,2.73029218,1.0,117213.5727570738,117170.59,47.5483433471834,-95.07674250661512,4.615868104846129,-99.69261061146125,116984.53875799589,117298.495,117612.4512420041,0.5353116286856091,0.48838213893529964,97.62592290109984,0.0007386060128749776,0.00011092330006491715,0.0017215500247709592,0.00039996929650221543
2025-07-12 16:15:00,117291.1,117300.0,117291.1,117300.0,117657.10858998212,2.68490356,1.0,117229.28680124218,117163.01000000001,48.160204325480095,-82.1669494335365,14.020528942339809,-96.18747837587631,116984.21797982161,117291.585,117598.9520201784,0.5241075396472765,0.5136888466353832,91.2883569795923,7.502412711243347e-05,0.0007386060128749776,0.002425114815062504,0.0003875316864023791
2025-07-12 16:20:00,117299.9,117390.5,117299.9,117364.9,117649.98478231934,10.02229003,1.0,117253.94374647086,117169.64000000001,52.555852297196374,-65.93885572177533,24.1988981232808,-90.13775384505612,116990.26310693414,117284.91,117579.55689306586,0.5024463813219608,0.6357387467549358,91.23918862390755,0.0005531291782851198,7.502412711243347e-05,0.0021899494720302418,0.00042637864022540014
2025-07-12 17:20:00,117393.9,117427.1,117393.9,117427.0,117634.56940712276,0.06514054,1.0,117323.29958634106,117309.38,58.825687397635306,-1.949106594256591,25.623306983275196,-27.572413577531787,117053.27511555563,117263.7,117474.12488444436,0.3588917703336405,0.8880244497489048,70.28703189086906,0.0002810651536041802,0.0006297022841144594,0.0016539216196768316,0.0003432552074524539
2025-07-12 17:25:00,117427.0,117461.0,117410.7,117459.9,117634.0021682731,1.34277101,1.0,117348.13602518814,117321.26999999999,60.95658432646767,9.632685301781748,29.76407910345083,-20.13139380166908,117094.61485925583,117286.34000000001,117478.06514074419,0.32693515842370036,0.9526271289365366,68.8593867558072,0.0002801348241654897,0.0002810651536041802,0.001815539982418232,0.0003255306797181647
2025-07-12 17:30:00,117461.0,117482.1,117460.9,117466.7,117633.90695984494,0.2620632,1.0,117369.69311151757,117333.82999999999,61.4012230957735,19.139414732548175,31.416646827373803,-12.277232094825628,117135.25901922444,117307.50499999998,117479.75098077551,0.29366574760163344,0.9621152821193469,65.52657341610751,5.7890421960695656e-05,0.0002801348241654897,0.0020103644046346584,0.0002941099396688363
2025-07-13 05:00:00,117873.6,117912.0,117873.5,117897.0,117636.90003054618,25.13923552,1.0,117851.96290659823,117852.81999999999,72.80156431562135,67.30672804762435,-2.353127300844875,69.65985534846922,117732.81598740318,117819.005,117905.19401259682,0.14630748680456135,0.952464865590494,23.946037467270177,0.00019849803221296707,8.483667455917143e-07,0.000332614933404287,6.679067972477096e-05
2025-07-13 05:05:00,117897.0,117912.0,117896.9,117911.9,117639.0803474661,0.71859062,1.0,117862.86055994399,117863.51999999999,74.1933839055447,67.81760869598656,-1.473797321986126,69.29140601797269,117733.98368958311,117826.07999999999,117918.17631041686,0.15632584978958278,0.9659252884916892,23.314177648179868,0.0001263735170286019,0.00019849803221296707,0.00044879743827386687,8.987812999759514e-05
2025-07-13 11:30:00,118014.5,118014.5,118014.5,118014.5,117760.21194137652,0.00083483,1.0,117897.8712069136,117866.65,78.61695742153768,29.364417112781666,27.128607335908185,2.2358097768734826,117693.91736224653,117833.06499999999,117972.21263775344,0.23617757503542217,1.1519514198346692,21.575975896511476,3.050519139286367e-05,0.0009401855375834943,0.001898235499889562,0.00034429995477096027
2025-07-13 19:15:00,119080.2,119158.6,119080.1,119135.8,118537.4785028548,7.42110941,1.0,119021.18632175607,119017.55,68.82427142273649,85.51088675353094,19.42491746533588,66.08596928819506,118669.37647501336,118919.88500000001,119170.39352498666,0.42130636938751387,0.9309533977166988,64.99827731068211,0.0004668032458747146,0.0002175241311285263,0.0013714449210304863,0.00034150166080022554
2025-07-13 19:20:00,119135.8,119136.0,119135.7,119135.9,118538.49179972707,1.1306399,1.0,119042.04335416405,119031.13,68.82955125918626,89.74215452950739,18.924948193049858,70.81720633645753,118676.53484568457,118936.93000000001,119197.32515431545,0.4378709864386778,0.8820539604952796,60.376971788490735,8.393779032905042e-07,0.0004668032458747146,0.000978354100270135,0.00018008184738002735
2025-07-13 19:25:00,119135.9,119316.3,119135.9,119315.6,118542.78489869957,4.01940314,1.0,119091.78092613422,119065.44000000002,76.5237759451258,106.36959048469726,28.441907318591774,77.92768316610548,118663.36948985152,118962.955,119262.54051014848,0.5036618502767986,1.0885548333516357,68.9500452321706,0.001507225024955804,8.393779032905042e-07,0.000959028884678316,0.00018493245356160823
2025-07-14 03:15:00,119897.1,119900.0,119897.1,119899.9,119458.47232203622,4.46760059,1.0,119725.2451024607,119742.08,67.8203252945892,196.09764662207454,27.75535951329246,168.34228710878207,118905.35678834564,119507.70999999999,120110.06321165434,1.0080574912770903,0.8255481936610423,117.29568257170516,2.41871350308463e-05,0.0008085204641914413,0.0030321911375218516,0.00017814504881147745
2025-07-14 04:35:00,121000.0,121098.1,120999.9,121096.9,120393.59965198113,5.41488211,1.0,120846.76995242476,120893.48000000001,72.88660688780541,390.2221345168218,19.354381910220297,370.8677526066015,119469.74172652527,120489.48000000001,121509.21827347475,1.6926594313042715,0.7978313238799073,173.51716026175203,0.0008005059558757274,7.272991748360289e-05,0.0024840744954565193,0.00042789815443556656
2025-07-14 04:40:00,121096.8,121214.0,121000.0,121214.0,120397.8466186455,2.88257766,1.0,120913.53905198388,120920.15,74.75161889498692,395.5575214831042,19.751815101202112,375.8057063819021,119554.60294056234,120562.425,121570.24705943766,1.6718675979479702,0.8232589492849357,176.4087916716269,0.0009665269628067568,0.0008005059558757274,0.0025027804496081107,0.00043108267448991314
2025-07-14 04:45:00,121213.9,121336.6,121213.9,121307.0,120407.64186046807,5.67085815,1.0,120985.07740616862,120974.37,76.15448189558887,402.6486933628621,21.474389584768005,381.1743037780941,119643.96502296018,120637.76999999999,121631.5749770398,1.647585125354699,0.8367008696180059,172.57244940936863,0.000766943931111826,0.0009665269628067568,0.0024383325700477027,0.0004117897474977332
2025-07-14 04:50:00,121307.0,121310.0,121306.9,121310.0,120410.95032671078,1.89401127,1.0,121044.15424141068,121031.5,76.20042009884496,403.8551819482818,18.144702536150135,385.7104794121317,119734.6062403986,120708.42,121682.2337596014,1.6134976492963764,0.808878363069259,160.467274451557,2.4730336292677725e-05,0.000766943931111826,0.002673656025963766,0.00043106602852564704
2025-07-14 04:55:00,121310.0,121415.1,121310.0,121413.4,120430.86072848713,10.82969185,1.0,121111.28983388146,121102.85999999999,77.78869367629407,408.4465313305991,18.18884153477387,390.25768979582523,119838.54497071075,120784.095,121729.64502928926,1.5656863253216475,0.8327719213720641,156.51246913358906,0.0008519986639512787,2.4730336292677725e-05,0.002631437103570591,0.00044277424640411705
2025-07-14 17:10:00,120442.7,120480.2,120440.2,120464.1,121206.95441941844,7.85133948,1.0,120193.08016495669,120133.62,55.85419647822721,-80.43648541661969,142.10539381291133,-222.54187922953102,119302.83480333812,119936.31999999999,120569.80519666187,1.0563692410470382,0.91656853449862,186.57756077746924,0.00017766206729149644,0.0002150631392975957,0.00501660139474336,0.0007450988826186696
2025-07-14 20:35:00,120037.6,120120.1,120037.5,120120.1,121095.63083951082,7.13153862,1.0,119937.32044493404,119913.13,58.047219219013925,14.121170617334428,37.36494636496696,-23.243775747632533,119631.91484417352,119876.38500000001,120120.8551558265,0.40787041722436534,0.99845552553451,142.42475503418783,0.0006878816515244799,0.00038912078775083165,0.002292744001538194,0.0003337311791988238
2025-07-14 20:40:00,120120.1,120260.9,120120.0,120256.8,121093.66877863255,4.7809329,1.0,119995.40763676421,119933.77999999998,62.078008284159665,39.52783742280735,50.21729053635191,-10.689453113544559,119605.49232219538,119898.60500000001,120191.71767780464,0.4889342587507685,1.1110192890372708,142.31584396031684,0.0011373806279776244,0.0006878816515244799,0.002946391845337402,0.0002411458287292933
2025-07-19 05:40:00,118328.6,118375.5,118328.5,118370.0,118181.80748829604,0.26913665,1.0,118280.42045323638,118255.75,60.597931267457625,6.410662027235958,2.5728319143173635,3.8378301129185943,118136.6654559388,118293.96,118451.25454406122,0.2659384199518036,0.7417121345620339,40.331076477897454,0.00035065706310134575,0.00047252528445652377,0.0012286920121057452,0.00018149954503456957
2025-07-19 15:25:00,118248.2,118256.1,118212.5,118255.2,118219.23825030286,0.9042261,1.0,118076.33564861365,117978.58,58.261681497937566,-32.38285484390508,46.775480148982695,-79.15833499288777,117696.6493749854,118051.73500000002,118406.82062501463,0.6015762919784569,0.7865013192122412,96.50008868165004,5.835008785866062e-05,6.08906784170361e-05,0.004385988670953499,0.0007627353868671278
2025-07-21 01:00:00,117401.8,117445.8,117401.7,117401.9,117033.18835693836,2.22719976,1.0,117198.01187797105,117068.63,55.54223369352808,-62.33515424055804,68.16306300738961,-130.49821724794765,116744.99424753412,117147.335,117549.67575246589,0.686896978861505,0.8163549782613355,163.46942741554514,8.517753338812527e-07,0.0012938321476854992,0.0040002630851433,0.0004414555373077061
2025-07-21 02:05:00,117501.7,117799.0,117501.7,117798.9,117057.21566309474,1.36172326,1.0,117329.41795873156,117220.02999999998,67.74516429012276,42.19714369876601,72.50724956020724,-30.310105861441237,116791.56607873888,117217.54,117643.51392126111,0.7268091810510895,1.1823891921351146,153.63089595940443,0.0025261317484490263,0.0010839758703829478,0.0052434343768069545,0.0003833585657208839
2025-07-21 02:10:00,117799.0,118000.0,117799.0,118000.0,117143.9629370969,7.83820622,1.0,117451.3419662349,117303.77999999998,71.54052306768399,94.59270351276791,99.92224749936732,-5.329543986599408,116745.20588390881,117270.88499999998,117796.56411609115,0.8965211034114173,1.1934981604572354,157.0215462480188,0.001705691152557532,0.0025261317484490263,0.006822092678549408,0.0007520009886607688
2025-07-21 07:15:00,119368.6,119385.9,119368.6,119385.9,118184.89202027512,1.14409384,1.0,119175.59371063484,119210.83,77.21357625132346,260.4540190659027,50.692304527689515,209.76171453821317,118051.76045401103,118847.48500000002,119643.209545989,1.3390683799307688,0.8383174508779287,82.81690303389237,0.00014408099387200565,1.5079443535299287e-05,0.0030935294276126413,0.0004220239867435203
2025-07-21 07:20:00,119385.9,119498.9,119385.9,119496.5,118196.22596612894,2.07930855,1.0,119233.94030870123,119241.74000000002,79.51224004453914,270.88957279922033,48.902286608805696,221.98728619041464,118093.3456589451,118904.19500000002,119715.04434105495,1.36387003175948,0.8652373936873283,84.97283853147148,0.000925978706700143,0.00014408099387200565,0.002082815269269807,0.0003339107086798118
2025-07-21 07:25:00,119496.6,119612.0,119496.5,119612.0,118226.11593013257,5.19118276,1.0,119302.67843439191,119290.14000000001,81.59977587881954,285.1921909914381,50.563923840818774,234.62826715061934,118140.47660449619,118966.79000000001,119793.10339550383,1.389149687074554,0.8904148253621094,87.15335006493781,0.000966088691813789,0.000925978706700143,0.002485166534991149,0.00040670925169369686
2025-07-21 20:30:00,117115.5,117200.0,117115.4,117176.9,118185.51160661338,2.72466607,1.0,117057.22901088416,116970.79000000001,47.520813962656916,-158.71323055311223,48.54070254878832,-207.25393310190054,116677.35957570124,117100.63999999998,117523.92042429873,0.722934433661076,0.5900821247832923,143.98015077117466,0.0005241313965421673,0.0005500357576497593,0.003021239466098778,0.0005818531686255385
2025-07-22 01:45:00,117725.0,117902.2,117693.4,117900.9,116975.08726193484,2.75625062,1.0,117417.5317624876,117266.04,67.92813438334231,47.83892111448222,77.20040949334404,-29.36148837886182,116815.01181539765,117306.78499999999,117798.55818460233,0.838439455317675,1.104053879514012,192.9061205368703,0.0014803034948131933,0.0029552699113782293,0.0071881364770506,0.00113607790733084
2025-07-22 01:50:00,117900.8,117955.9,117791.0,117922.0,117015.9853071679,7.31772433,1.0,117509.25326021713,117358.22999999998,68.35676685672281,86.67068102234043,92.8257355209618,-6.1550544986213716,116775.71215100016,117336.00999999998,117896.3078489998,0.9550313650512243,1.0229272261584281,190.90568335566488,0.000178947846509494,0.0014803034948131933,0.006533546050945387,0.001071521678718977
2025-07-22 06:15:00,117579.9,117619.1,117543.9,117619.0,117073.9413310759,2.83718899,1.0,117400.07803912857,117357.96,62.686421326429375,106.91111546177126,59.759070192794226,47.152045268977034,116638.27337770924,117177.325,117716.37662229076,0.9200613212338835,0.9096778320813275,135.35169709826954,0.00033248455124746523,0.000306221660940556,0.004943312990725388,0.000995816186362308
2025-07-22 06:20:00,117619.1,117706.0,117619.0,117706.0,117074.27947682014,0.12812288,1.0,117455.70021383246,117412.32000000002,64.83850088774415,125.93319345942291,63.0249185523567,62.90827490706621,116636.87406034755,117213.87999999998,117790.8859396524,0.9845351756164549,0.9264427505689644,131.89800444839315,0.0007394029870493759,0.00033248455124746523,0.0025768811030269087,0.0002967326075432619
2025-07-22 07:15:00,118237.7,118347.6,118237.7,118300.0,117357.7437320736,2.66147048,1.0,117947.94905736722,117884.27999999998,77.50536309597996,243.08031351047975,62.583179608149095,180.49713390233066,117033.87102490511,117667.94499999999,118302.01897509488,1.0777344247745384,0.9984079341100733,121.20139090278354,0.0005276116900445502,0.0006522895296850441,0.0053008369614125726,0.0007032524776587888
2025-07-22 07:20:00,118300.1,118400.0,118300.0,118400.0,117368.24314877813,3.80142479,1.0,118030.14013784591,117953.56999999999,79.23925505142205,265.2880550681293,67.83273693263894,197.4553181354904,117049.46851952655,117726.23500000002,118403.00148047348,1.1497292518926927,0.9977824843870946,119.687005838299,0.0008449514655643136,0.0005276116900445502,0.004350956346819714,0.0006905173869011538
2025-07-22 07:25:00,118399.9,118540.0,118399.9,118540.0,117404.22951020228,12.07038636,1.0,118122.84193096482,118043.81999999999,81.40073649131493,290.8321482535248,74.70146409442751,216.13068415909729,117124.04796520213,117803.23000000001,118482.41203479789,1.1530787989393485,1.0423950886887403,121.14507684984949,0.0011817339097866864,0.0008449514655643136,0.004656093067765318,0.0006671063937541017
2025-07-23 04:25:00,118862.6,118908.8,118855.7,118880.4,119133.60872502692,0.77083894,1.0,118831.59554219405,118774.65,40.96892579703884,-143.17212786870368,26.816808831665696,-169.98893670036938,118603.77239276745,118899.775,119195.77760723254,0.4979027205603068,0.4672722477326376,73.46989157571994,0.000150582835776047,0.00021539810448809035,0.001791065615214789,0.00016876469760899071
2025-07-23 04:30:00,118880.5,118886.4,118880.4,118886.1,119133.10643475327,0.24038686,1.0,118841.5054436133,118772.72000000002,41.477225339250815,-129.3032019192906,32.548587824863034,-161.85178974415362,118615.62607211256,118885.95,119156.27392788744,0.4547617744358167,0.5002774449179933,68.65061360602566,4.7946199326625055e-05,0.000150582835776047,0.0017941664530082891,0.00016779965637518844
2025-07-23 04:35:00,118886.1,118912.5,118886.0,118912.5,119132.1839959399,0.48162815,1.0,118854.41354477452,118788.96,43.887211976330384,-114.85771062651474,37.595263294111106,-152.45297392062585,118626.78795546292,118875.62000000002,119124.45204453713,0.4186426864265463,0.5741062110159126,65.63985549130953,0.00022203663191001363,4.7946199326625055e-05,0.0013425210349143058,0.00019278748593596983
2025-07-23 15:40:00,118235.3,118339.7,118235.2,118334.8,118351.91253083975,1.01875382,1.0,118146.42895438007,118132.5,59.278179853490116,39.935064034798415,42.87315548892676,-2.9380914541283474,117797.94961067653,118056.72,118315.49038932347,0.43838315908399295,1.0373103173184008,150.3864089907244,0.0009054690182710267,6.42848019952339e-05,0.00256274891184899,0.00041383262594565104
2025-07-23 18:05:00,118217.9,118251.6,118217.8,118251.6,118200.38038067818,0.32308698,1.0,118013.73163399257,117967.76000000001,59.571206045397176,34.662303944918676,66.66932725021584,-32.00702330529717,117458.33972045442,117845.51499999998,118232.69027954555,0.6570895456574121,1.0244201030559683,168.6552230378993,0.0002858720851847507,0.0004323464592306175,0.003627854788770524,0.0007692520444882025
2025-07-23 19:10:00,118410.0,118475.0,118410.0,118452.1,118207.60509519403,1.00918569,1.0,118341.21588014989,118348.01000000001,64.8374861234535,122.94031564246689,22.915831503989267,100.02448413847762,117836.59004423948,118207.41,118578.22995576053,0.6274056013248674,0.8299310031712833,100.78948092286187,0.0003546365814401242,8.530041587012801e-05,0.0012464472589924908,0.000231112325429192
2025-07-24 00:30:00,119020.5,119075.0,118950.0,119075.0,118882.00193060751,10.91935298,1.0,118860.58819344938,118811.05,73.08062517273603,151.9715977787273,24.69590910329913,127.27568867542817,118439.57650649689,118729.2,119018.8234935031,0.48787239112722025,1.0969819571910695,94.42431127209205,0.0004569593133733412,0.0005933506245841626,0.0025869295896017047,0.00025185378611432887
2025-07-24 00:35:00,119076.0,119100.0,119076.0,119099.9,118884.64322718997,1.42177313,1.0,118904.09943100403,118859.12000000002,73.82623510220533,162.0551353225601,27.823557317705536,134.23157800485455,118433.53802857011,118755.55500000001,119077.5719714299,0.542319003822427,1.034669024540761,89.46543189551404,0.00020909004341525307,0.0004569593133733412,0.0024182059892641798,0.0002449239284441923
2025-07-25 17:00:00,116180.0,116268.0,116179.9,116235.1,116108.3889891593,6.01498519,1.0,115961.78781411817,115891.73000000001,65.87746880684195,124.63202397838177,64.9646090780177,59.66741490036407,115311.30089233487,115773.64500000002,116235.98910766517,0.7987035523761052,0.9990384784293527,155.17304689862294,0.0004741516453302911,0.0011635273843716527,0.003707155667530761,0.0005313112565333486
2025-07-25 17:05:00,116235.0,116295.9,116235.0,116295.8,116108.46095891752,0.550005,1.0,116022.51730246033,115946.51000000001,67.31951070622532,144.91553527890937,68.19849630283623,76.71703897607314,115312.18346561938,115812.18000000001,116312.17653438063,0.8634610528540697,0.9836233521089136,148.43925783443515,0.0005220811632238854,0.0004741516453302911,0.004075049551301121,0.0004387740123637319
2025-07-25 17:10:00,116295.9,116362.4,116295.8,116362.4,116110.09931252731,9.0967154,1.0,116084.31415655845,116031.51000000001,68.8738037816341,164.46853660806664,70.2011981055948,94.26733850247184,115303.17035793481,115849.09,116395.00964206518,0.9424668628216002,0.9701332947631013,142.5935965605463,0.0005725136859058732,0.0005220811632238854,0.003210767778208665,0.0003082437791342678
2025-07-25 20:35:00,116998.2,116999.0,116998.2,116998.9,116159.11142005694,0.9064523,1.0,116832.08212698222,116791.45,65.7826527275061,128.52691309146758,-2.1766836706683534,130.70359676213593,116475.98104317012,116766.10999999999,117056.23895682985,0.4969403482395142,0.9011836711226954,100.49780281320939,5.9829801309469395e-06,0.0017382888053763873,0.003310653223728547,0.0006906606279082608
2025-07-25 20:40:00,116999.0,117200.0,116999.0,117200.0,116163.01184892886,5.76853055,1.0,116898.97628571272,116836.98000000001,71.41406506436414,149.7462503111601,15.234122839219339,134.51212747194077,116474.8309834628,116799.85999999999,117124.88901653717,0.5565572022726473,1.1155450431211527,107.68367404083772,0.0017173440987542918,5.9829801309469395e-06,0.003045687633556245,0.0007368027893184445
2025-07-25 20:45:00,117200.0,117338.2,117199.9,117296.7,116175.35951602802,16.12530981,1.0,116971.2896883104,116891.33,73.6589932227085,172.3785373030987,30.293127864926362,142.08540943817235,116466.00528960006,116836.92,117207.83471039994,0.6349272308786335,1.1197920803737291,109.87055446649237,0.000824745128450017,0.0017173440987542918,0.0038212849925629054,0.0008900415813956181
2025-07-26 22:05:00,118087.4,118133.0,118087.3,118133.0,117842.15448631928,0.18487574,1.0,118052.92744244539,118032.14000000001,61.33707462300977,0.8142046013381332,18.554065707404238,-17.739861106066105,117908.09628998194,118007.675,118107.25371001806,0.16876649763341328,1.1292760770714292,31.493369219300256,0.0003860801231936963,2.5405234665245987e-05,0.0009972164341068496,0.00012013821254326801
2025-07-26 22:10:00,118133.0,118153.5,118132.9,118153.4,117842.27293534536,0.17501281,1.0,118071.19518018258,118049.98000000001,63.325734947885564,9.166089056787314,21.524760130282736,-12.358671073495422,117908.97454208478,118019.24500000002,118129.51545791527,0.18686860420984505,1.1082998227098964,30.715271417922082,0.00017267180887848085,0.0003860801231936963,0.0012332692851125407,0.00014051684680813976
2025-07-26 22:15:00,118153.4,118200.1,118126.6,118200.1,117843.47587198629,1.62925945,1.0,118094.63242014938,118072.48000000001,67.4528810709116,19.330487544022617,25.351326894014434,-6.020839349991816,117893.64486927954,118028.90999999999,118164.17513072044,0.2292067777639403,1.132794272582383,33.77132345949908,0.0003951707980438573,0.00017267180887848085,0.0010703683461279747,0.00013345352005705152
2025-07-27 18:05:00,119349.9,119360.1,119349.8,119360.0,118594.40687462907,0.2936899,1.0,119210.61096541639,119172.11000000002,61.831356081344005,117.12856219275272,-3.2677039611465517,120.39626615389928,118861.23629786752,119195.26000000001,119529.2837021325,0.5604647401792429,0.7465992666811538,112.81938153410617,8.46215427682631e-05,0.0012659885119325053,0.002725119672822551,0.000523834367433258
2025-07-28 15:25:00,118250.0,118399.9,118250.0,118399.9,118714.60788411133,11.53828272,1.0,118210.67437072504,118153.59,53.46606682115408,-101.83823275585019,40.41800571537203,-142.25623847122222,117896.85708841096,118228.84,118560.82291158903,0.5615937897877228,0.7576337426243137,124.02835090248247,0.0012668504829116407,0.00013193259278531313,0.0021155554491096313,0.0004674229759367684
2025-07-28 15:30:00,118399.8,118496.3,118399.8,118414.3,118711.18043838222,4.95581616,1.0,118247.6972124114,118175.01999999999,54.0753169478825,-78.3910547568812,51.0921469714728,-129.483201728354,117897.55608936366,118228.30500000001,118559.05391063636,0.5595088428889343,0.7811725058173995,122.06204012373372,0.00012161432902041222,0.0012668504829116407,0.0033815584754714927,0.0005212901803818263
2025-07-29 00:20:00,118350.0,118408.0,118308.7,118407.9,118228.42145816077,0.87560057,1.0,118188.82493571957,118140.23000000001,64.00222655631208,68.7671132361138,42.09111669650332,26.67599653961048,117751.45589237011,118056.60500000001,118361.75410762991,0.5169538928040476,1.0756120388627401,106.01917416872658,0.0004882622859482849,0.0006668884240274487,0.0035975037444772335,0.00023120101928390637
2025-07-29 01:10:00,117999.9,118038.0,117999.9,118037.9,118039.08854659274,0.04874429,1.0,117989.1047844486,117952.34,50.7642459906799,-24.352843069747905,-9.52640817066618,-14.826434899081725,117687.19203002239,118046.28499999999,118405.37796997759,0.6083935127269825,0.48832475055064745,109.44462131297928,0.00032198232934123577,0.0004229711539943758,0.002476795637499582,0.0005314934087902543
2025-07-29 01:15:00,118038.0,118121.0,118037.9,118120.9,118039.72510962884,0.36559799,1.0,118013.06755091248,117930.68000000001,54.10342593638709,-12.54553874929843,1.8247169198266366,-14.370255669125067,117687.8186980125,118047.98499999999,118408.15130198747,0.6102032186106069,0.6012240728763989,107.56286264776688,0.0007029168798069324,0.00032198232934123577,0.0013801700274482167,0.0001295131017545439
2025-07-29 01:20:00,118120.9,118197.2,118120.9,118197.2,118040.77239079759,0.24876959,1.0,118046.54617801931,117960.5,56.99110325366041,2.934777043075883,13.84402616976076,-10.909249126684877,117690.75474493907,118056.525,118422.29525506092,0.6196527554252926,0.692299671793393,105.32980103006945,0.0006457398113076675,0.0007029168798069324,0.0017327774141449772,0.0002339552951943124
2025-07-30 01:05:00,117762.4,117766.1,117762.3,117766.1,117649.24019109918,2.67329412,1.0,117719.24798487898,117677.98999999999,53.11682283625838,-1.0644512321450748,-11.465986832293133,10.401535600148058,117542.88223875411,117769.55,117996.21776124589,0.38493441003364276,0.49238974263248986,59.60217563745906,3.3966208720455436e-05,0.000337177184707478,0.001857159115153226,0.0002626324435517684
2025-07-30 03:35:00,118076.8,118099.0,118076.8,118099.0,117820.65933945427,2.93592598,1.0,118013.95404132432,118010.3,63.8565154741042,60.77691552779288,0.5496914550665437,60.22722407272634,117840.58809181444,117984.14499999999,118127.70190818554,0.2433494910448351,0.9000329954569589,48.52521843715889,0.00018714864695775017,0.0006514826543374691,0.0013644486185856435,0.00024542840176405714
2025-07-30 03:40:00,118099.0,118147.3,118098.9,118147.3,117828.33295019102,1.85988914,1.0,118038.19876108353,118018.05,66.66890225849525,67.61541219022183,5.910550493996389,61.70486169622544,117852.37599765765,117998.975,118145.57400234236,0.24847504368974563,1.0058867987846718,48.51627426307674,0.00040889529844883546,0.00018714864695775017,0.0015507492038519695,0.00020453831323365374
2025-07-30 08:45:00,118281.9,118365.0,118281.9,118365.0,118023.54071751566,0.53234635,1.0,118211.00306771504,118170.43999999999,63.86296335155685,21.27419168203778,9.413131131823533,11.861060550214248,118035.06733951627,118209.17,118383.27266048372,0.29456709743199166,0.9475233163210888,54.13904815743749,0.0007023122078989184,0.0006926534612112375,0.0020158635430487346,0.00020982341342637182
2025-07-30 08:50:00,118365.0,118382.0,118365.0,118381.9,118024.04442530892,0.24872381,1.0,118242.07523722138,118191.29,64.7696269150229,33.736473422759445,17.500330298036157,16.236143124723288,118026.69564408758,118215.965,118405.23435591241,0.3202094673294193,0.9383567514140626,51.486259003334816,0.00014276850111822467,0.0007023122078989184,0.0023023145799078862,0.00024950754644908975
2025-07-30 08:55:00,118382.0,118382.0,118381.9,118382.0,118024.19572357995,0.07366243,1.0,118267.51610318111,118207.76999999999,64.7752586138149,43.123885345848976,21.51019377690055,21.613691568948425,118020.35197401723,118222.76499999998,118425.17802598274,0.34242647933796966,0.8933417803199704,47.815811931668456,8.447233721866025e-07,0.00014276850111822467,0.0023375463204969456,0.00023724495667144313
2025-07-30 10:10:00,118300.0,118330.0,118299.9,118327.3,118031.2615135456,0.88312216,1.0,118211.77646605896,118151.26999999999,60.92464064965165,7.673605298667098,13.47873687514184,-5.805131576474741,117992.65968781327,118227.23499999999,118461.8103121867,0.39682110841333046,0.7132897086807828,48.142374441075475,0.00023158791654113393,0.000119195708081035,0.002216319153262619,0.00045382979694337056
2025-07-30 14:55:00,118632.5,118650.0,118587.9,118637.6,117994.61145328391,23.24149113,1.0,118156.83442635425,118068.29,74.28544974618977,177.61039626358252,103.04180487049172,74.5685913930908,117208.76434956054,117848.15,118487.53565043944,1.085100869957568,1.117350420249049,159.45573190159172,4.3831921446837676e-05,0.003991690837096232,0.007583957219275664,0.0015206020254668305
2025-07-30 22:05:00,117289.4,117400.0,117289.3,117400.0,117295.0390715591,1.33893134,1.0,117217.97447678441,117175.1,65.68265961229321,65.67544884045492,33.818550042291534,31.85689879816339,116898.28915082446,117122.545,117346.80084917553,0.38294224083934225,1.1186126270954637,102.2576658825515,0.0009433749916151755,1.4494180799736504e-05,0.002204675434644445,0.0006554757989980006
2025-07-30 23:40:00,117692.6,117750.5,117690.0,117722.5,117310.16475736751,27.66766509,1.0,117587.74319251416,117576.65,76.80755356052998,125.54957974677382,16.734778291457246,108.81480145531657,117241.25306951467,117479.585,117717.91693048534,0.4057418665299775,1.009614887743587,60.28292445081294,0.00025401939094617297,0.00018184614676497042,0.0013016932775568037,0.0003755045231447955
2025-07-30 23:45:00,117735.5,117841.1,117735.5,117841.1,117311.43241666298,2.5771009,1.0,117633.80806660248,117613.7,80.98283119739402,138.26481848867843,23.560013626689482,114.70480486198895,117219.27803090922,117501.64000000001,117784.00196909081,0.4806094095210831,1.1011078635927016,64.44842984718386,0.0010069468289763764,0.00025401939094617297,0.001518279144906545,0.0003553118121074455
2025-07-30 23:50:00,117841.0,117895.2,117841.0,117855.1,117313.30556411874,3.42944627,1.0,117674.04296358384,117652.98999999999,81.40831744012395,147.76804179372266,26.450589545386975,121.31745224833568,117209.42566899686,117525.205,117840.98433100314,0.5373814595824634,1.0223505271102156,63.716399143813376,0.00011879699389701018,0.0010069468289763764,0.002459720679202631,0.00043750030185102606
2025-07-31 00:40:00,118152.5,118299.5,118152.5,118293.2,118053.94636169546,12.87953075,1.0,118001.01645507984,117969.11000000002,88.11991693220473,196.53891103198112,31.480741891742014,165.0581691402391,117395.13374642441,117811.04999999997,118226.96625357553,0.7060734176896998,1.0796238976657713,63.97032130574751,0.001189279036226133,0.0006002515479656891,0.0024964993352679073,0.0003658881858147205
2025-07-31 00:45:00,118293.2,118499.0,118293.1,118498.9,118071.8744105293,3.08942754,1.0,118091.54073597441,118036.92999999998,90.8072556181432,224.62266089892364,47.651593406947626,176.97106749197602,117363.54013146325,117858.49500000002,118353.4498685368,0.8399137771728328,1.1469327212531348,74.10815549819371,0.001737389479991152,0.001189279036226133,0.0034151502963791986,0.0004445484242094956
2025-07-31 06:45:00,118499.5,118574.9,118499.5,118574.8,118322.76811648042,22.37500813,1.0,118427.40266629559,118386.17,74.1374950549098,23.543237699355814,25.631033791084015,-2.087796091728201,118221.7051600778,118369.48500000002,118517.26483992222,0.24969246072534373,1.1946651184223305,32.40844230499208,0.0006344000239763602,0.00015022276038095675,0.0018963180379963527,0.0001765704312634253
2025-07-31 06:50:00,118574.9,118578.7,118574.9,118578.6,118323.1977896842,0.43333133,1.0,118454.89309060547,118410.04,74.39547908490798,34.656634563492844,29.395544524176834,5.2610900393160085,118205.1894700221,118378.77000000002,118552.35052997794,0.2932629389170317,1.0756117924787127,30.37212499749223,3.204676804399758e-05,0.0006344000239763602,0.0021097544040233358,0.00021151427202448407
2025-07-31 06:55:00,118594.8,118689.0,118594.7,118689.0,118330.11701469538,5.42634651,1.0,118497.45798322264,118449.05999999998,80.48583174773965,51.77560208310024,37.211609635027386,14.563992448072856,118173.4390942433,118393.58,118613.72090575671,0.37187980253102754,1.1709793415824483,36.08840178338523,0.0009305948892073308,3.204676804399758e-05,0.001671174160628185,0.0002693225178828438
